filename,w,h,classified_as,chroma_p95,std_a,std_b,mean_a_in,mean_b_in,black_pt_R,white_pt_R,black_pt_G,white_pt_G,black_pt_B,white_pt_B,illum_R,illum_G,illum_B,mean_a_out,mean_b_out,neutralization_applied,shadow_p5_pre,shadow_lift_gamma,despeckle_applied,despeckle_mask_pixels,despeckle_mask_components,despeckle_largest_component,error
Image_20260403_0001.tif,4010,3242,color,11.180339813232422,1.6236943006515503,5.311588764190674,1.6603279113769531,10.127669334411621,0.14140616420224364,0.8846949449473164,0.14359965740174935,0.8965275577237779,0.15116314884432683,0.9156167535256234,1.0815736578286894,1.0104344821825653,0.9079918599887451,-0.50396728515625,1.579864501953125,True,0.0235294122248888,0.7,True,151023,15912,1914,
Image_20260403_0002.tif,2304,1557,color,48.02082824707031,9.137829780578613,12.65898609161377,5.70966911315918,4.392996311187744,0.09705815939456534,0.8249943513076399,0.10357994979380002,0.8644941937359433,0.13815211799013769,0.8939254312028047,1.0505122528902906,0.9843679774893347,0.9651197696203752,2.401824951171875,5.28741455078125,True,0.007843137718737125,0.7,True,23396,1803,1116,
Image_20260403_0003.tif,1594,2357,color,55.90169906616211,13.134676933288574,11.11577320098877,6.47005558013916,12.33927059173584,0.06949085820978507,0.8485199236196379,0.09402245880107724,0.8736253367460761,0.08039790929061022,0.8970713835393586,1.0722245896874971,1.0010124187315645,0.9267629915809382,4.81585693359375,5.406524658203125,True,0.0117647061124444,0.7,True,11139,1389,492,
Image_20260403_0004.tif,1573,2336,color,24.083189010620117,6.546419143676758,4.826966762542725,7.620986461639404,3.4808096885681152,0.08690358305398357,0.8123595710465075,0.07904816963602977,0.8141961299800089,0.09703690928974788,0.8045977039536706,1.0378867859777323,0.9921972347475768,0.9699159792746913,3.33123779296875,2.629669189453125,True,0.0117647061124444,0.7,True,45415,2663,399,
Image_20260403_0005.tif,1863,2810,color,29.4108829498291,6.975011348724365,8.822532653808594,17.174108505249023,9.1364164352417,0.3192224673254822,0.78142998682146,0.15585089886085404,0.8887713148999167,0.21598950675106657,0.8595500782287202,1.1793361499658102,0.9310055092969084,0.8896583407372812,1.5260467529296875,0.357391357421875,True,0.07058823853731155,0.8686077432381587,True,18177,1966,381,
Image_20260403_0006.tif,794,1114,color,36.769554138183594,7.547861576080322,10.21287727355957,6.47401762008667,-5.863363742828369,0.16008631834900194,0.8919094651850896,0.1962929103135571,0.8853210775254828,0.2806162532352913,0.7983729767796883,1.028856738886291,0.9789292230976018,0.9922140380161073,4.1536407470703125,-5.509605407714844,True,0.06666667014360428,0.8502741701029461,True,9800,868,372,
Image_20260403_0007.tif,2325,1568,color,25.612497329711914,4.681488037109375,8.374789237976074,6.017875671386719,-1.0675634145736694,0.08405643964161434,0.8296005000034518,0.09194201654691322,0.8714504064784262,0.13680648411208066,0.866441029287046,1.0730418857901995,0.9810104660889787,0.9459476481208219,2.2457427978515625,-0.7628936767578125,True,0.027450980618596077,0.7,True,36471,2297,516,
Image_20260403_0008.tif,874,1354,color,25.179357528686523,3.965930938720703,7.762304782867432,7.911930561065674,-15.327187538146973,0.12077745095346845,0.8649223969072382,0.16505834711969294,0.8695756629852602,0.28853640018256965,0.8155962003469878,1.006550698791801,0.9741059561596475,1.0193433450485516,2.8104400634765625,-2.4221267700195312,True,0.03529411926865578,0.7,True,3020,313,149,
Image_20260403_0009.tif,1781,1253,bw,6.324555397033691,1.2735261917114258,2.41550874710083,1.6441864967346191,6.4011311531066895,0.1495545208454132,0.9164156913757324,0.1495545208454132,0.9164156913757324,0.1495545208454132,0.9164156913757324,1.0,1.0,1.0,0.0,0.0,False,0.05882352963089943,0.812711510360564,True,69555,3465,1457,
Image_20260403_0010.tif,1765,1264,bw,4.0,0.8482636213302612,1.6887935400009155,0.5781062841415405,3.2873687744140625,0.17084549367427826,0.9363537430763245,0.17084549367427826,0.9363537430763245,0.17084549367427826,0.9363537430763245,1.0,1.0,1.0,0.0,0.0,False,0.03529411926865578,0.7,True,13142,937,201,
Image_20260403_0011.tif,1941,1360,color,23.0867919921875,5.919285297393799,5.54121732711792,8.372662544250488,21.876754760742188,0.4946416283140672,0.8312727009408765,0.28924542033036843,0.8755536742762972,0.2155547915583376,0.9080818841336565,1.1416465496914034,1.0032867265632297,0.8550667237453666,-3.0109405517578125,2.0047149658203125,True,0.3294117748737335,1.0,True,3459,364,65,
Image_20260403_0012.tif,1274,1589,bw,5.0,0.8925166130065918,2.580833911895752,0.31865957379341125,2.406212568283081,0.13526824116706848,0.9086195826530457,0.13526824116706848,0.9086195826530457,0.13526824116706848,0.9086195826530457,1.0,1.0,1.0,0.0,0.0,False,0.05882352963089943,0.812711510360564,True,23603,997,1701,
Image_20260403_0013.tif,1274,1786,bw,3.605551242828369,0.8723383545875549,1.75688636302948,0.18045464158058167,1.8382245302200317,0.13274668157100677,0.9248721599578857,0.13274668157100677,0.9248721599578857,0.13274668157100677,0.9248721599578857,1.0,1.0,1.0,0.0,0.0,False,0.027450980618596077,0.7,True,20382,1015,1814,
Image_20260403_0014.tif,1765,1258,bw,3.605551242828369,0.7640089988708496,1.4317094087600708,0.6284646391868591,3.575917959213257,0.16468550264835358,0.9394416213035583,0.16468550264835358,0.9394416213035583,0.16468550264835358,0.9394416213035583,1.0,1.0,1.0,0.0,0.0,False,0.05098039284348488,0.7736364369500344,True,58063,3617,1403,
Image_20260403_0015.tif,2362,1578,color,80.28075408935547,28.83197784423828,14.330085754394531,3.622138023376465,20.648059844970703,0.09345015030606832,0.8482398185011154,0.10788830273825509,0.9350319520037225,0.09301619226427155,0.9766699986928878,1.0910713931762268,0.9814071719855986,0.9275214348381745,1.665435791015625,11.483596801757812,True,0.0235294122248888,0.7,True,167367,5230,1883,
Image_20260403_0016.tif,1343,1365,color,26.305892944335938,9.343354225158691,4.252788066864014,16.738492965698242,11.577703475952148,0.41252885461368544,0.8146578228004283,0.20953123532908466,0.8623016205491858,0.2452243641782647,0.8495272705314876,1.1312340056564052,0.9732275527019408,0.895538441641654,1.2401580810546875,-0.3918304443359375,True,0.09019608050584793,0.9571096808956616,True,10904,1375,433,
Image_20260403_0017.tif,2326,1573,color,21.63330841064453,4.931441307067871,5.9065704345703125,2.2082722187042236,4.264367580413818,0.08682875968042905,0.8720627456119614,0.09021675817768574,0.8904001646037499,0.10197037610829637,0.905496933022259,1.0387811692555808,0.9997708001012731,0.9614480306431463,1.0026397705078125,1.4671783447265625,True,0.0235294122248888,0.7,True,34073,2946,507,
Image_20260403_0018.tif,1584,1509,color,42.20189666748047,7.136486530303955,9.002052307128906,-7.2105231285095215,14.690006256103516,0.14452660536202303,0.8329296212107049,0.1807610993806166,0.8384238133309816,0.13219813400023725,0.8551566405603744,1.0310877605459572,1.0196537310126998,0.9492585084413431,-2.9117965698242188,5.795379638671875,True,0.027450980618596077,0.7,True,8143,755,276,
Image_20260403_0019.tif,1925,1376,color,29.832868576049805,7.860180854797363,5.97283935546875,12.24264907836914,1.4197508096694946,0.2547497218319216,0.8224776393643927,0.16887942642864057,0.844397116864456,0.19045857722247594,0.8239403615496166,1.0775667011049666,0.9752868713493806,0.9471464275456524,2.7473907470703125,-3.6881637573242188,True,0.03921568766236305,0.7109644109980913,True,51511,3522,779,
Image_20260403_0020.tif,2026,1376,color,36.8917350769043,8.253198623657227,8.16391658782959,7.851843357086182,1.7521659135818481,0.09542859469892645,0.8368353635342367,0.08296864852237776,0.8454900208809413,0.10858792328150572,0.835291719991535,1.0684510864762509,0.99257906673292,0.9389698467908293,2.4253082275390625,-0.922149658203125,True,0.0117647061124444,0.7,True,64862,4332,660,
Image_20260403_0021.tif,2026,1381,color,40.45985794067383,10.626214981079102,9.49655818939209,11.839088439941406,6.6304473876953125,0.09812281328838282,0.8358609985060776,0.08775885010857991,0.8735994476314564,0.11290096183994265,0.8697555602319896,1.079079885016025,0.9830861731369229,0.9378339418470522,5.44110107421875,3.6282501220703125,True,0.0117647061124444,0.7,True,63208,3732,726,
Image_20260403_0022.tif,1381,1392,bw,12.0,1.2104454040527344,3.2636797428131104,1.0404108762741089,4.218673229217529,0.16050118207931519,0.9218000173568726,0.16050118207931519,0.9218000173568726,0.16050118207931519,0.9218000173568726,1.0,1.0,1.0,0.0,0.0,False,0.04313725605607033,0.7325215861084575,True,58393,2414,823,
Image_20260403_0023.tif,1978,1381,bw,4.123105525970459,0.7536803483963013,1.608467936515808,0.46111607551574707,2.8480403423309326,0.21709097921848297,0.9204000234603882,0.21709097921848297,0.9204000234603882,0.21709097921848297,0.9204000234603882,1.0,1.0,1.0,0.0,0.0,False,0.10588235408067703,1.0,True,33609,1662,723,
Image_20260403_0024.tif,1973,1376,color,13.34166431427002,3.0504844188690186,4.5842437744140625,1.5549161434173584,13.111331939697266,0.320479060981581,0.802958512886412,0.29528110517786643,0.7899728071584569,0.3450129248607451,0.7898980021944996,1.113529079050174,1.0226214641668065,0.8638494567830194,-2.1314697265625,0.57861328125,True,0.09803921729326248,0.9914731675199379,True,66041,5882,473,
Image_20260403_0025.tif,1946,1360,color,12.649110794067383,5.623183250427246,3.0601751804351807,8.396613121032715,16.913881301879883,0.3931041788990081,0.8279539315107485,0.21590399984963066,0.8714670533961019,0.19748517487069694,0.8931715774320995,1.1272768952300818,0.9989915735941856,0.8737315311757324,-2.8564529418945312,1.2952728271484375,True,0.25882354378700256,1.0,True,32996,2922,957,
Image_20260403_0026.tif,949,1381,color,35.608985900878906,8.187049865722656,9.214954376220703,0.16730061173439026,7.432614326477051,0.09830020918997444,0.8998249835277377,0.10627616338667602,0.901379308086334,0.11361375733081157,0.8967371569013082,1.0372387457479455,0.9962944719356668,0.9664667823163873,-0.93316650390625,2.451385498046875,True,0.07058823853731155,0.8686077432381587,True,42092,3078,246,
Image_20260403_0027.tif,2368,1568,color,27.013885498046875,4.997029781341553,7.5483717918396,-0.3458407521247864,-5.24161958694458,0.13738260726317575,0.8319279808421981,0.1841018244164351,0.7444117241530813,0.22125961306408992,0.7269958822200379,1.0276153574824771,0.9798499367591923,0.9925347057583308,-2.1078033447265625,-1.8952255249023438,True,0.0313725508749485,0.7,True,261636,27678,1148,
Image_20260403_0028.tif,1792,1290,bw,6.0,0.720227062702179,1.432620882987976,0.5524090528488159,5.370611190795898,0.23020391166210175,0.9540109634399414,0.23020391166210175,0.9540109634399414,0.23020391166210175,0.9540109634399414,1.0,1.0,1.0,0.0,0.0,False,0.09019608050584793,0.9571096808956616,True,34696,1936,346,
Image_20260403_0029.tif,1941,1376,bw,6.082762718200684,0.9637724161148071,2.4433746337890625,0.17602522671222687,0.487522155046463,0.18516315519809723,0.9251866340637207,0.18516315519809723,0.9251866340637207,0.18516315519809723,0.9251866340637207,1.0,1.0,1.0,0.0,0.0,False,0.07450980693101883,0.8866926010182606,True,19118,1088,489,
Image_20260403_0030.tif,1952,1338,bw,5.0,0.8986931443214417,1.726589322090149,0.564378023147583,4.4434919357299805,0.193525493144989,0.9220408201217651,0.193525493144989,0.9220408201217651,0.193525493144989,0.9220408201217651,1.0,1.0,1.0,0.0,0.0,False,0.027450980618596077,0.7,True,13126,785,518,
Image_20260403_0031.tif,1568,2320,color,38.587562561035156,7.515632629394531,14.032095909118652,2.4917798042297363,-2.2240285873413086,0.11284630005742691,0.7626853474966555,0.14466728764049777,0.7440031756301135,0.15408968086253758,0.7103158372195537,1.0077910468506035,0.9487625773561063,1.04344637579329,1.3115326166152954,2.880636692047119,False,0.062745101749897,0.8316560410478353,True,84404,6346,1124,
Image_20260403_0032.tif,2320,1562,color,28.42534065246582,5.50043249130249,7.910179615020752,3.74774432182312,-1.5598641633987427,0.08738453036499826,0.8244540369999818,0.10063750448979886,0.8453550346550945,0.13023959841385827,0.8248507549626454,1.0321744607324208,0.9741817207242082,0.9936438185433709,1.029510498046875,0.02374267578125,True,0.019607843831181526,0.7,True,38762,2978,597,
Image_20260403_0033.tif,1392,2016,color,50.0,14.639076232910156,14.453537940979004,4.7018303871154785,1.325307011604309,0.16424454073693495,0.8670583709074937,0.15931416106427412,0.916056399635019,0.17055438420814745,0.9043348547780709,1.026685301526454,0.9846127274659978,0.9887019710075482,3.6458892822265625,0.923248291015625,True,0.10196078568696976,1.0,True,104894,7377,1240,
Image_20260403_0034.tif,1962,2762,color,51.97114562988281,4.758106231689453,15.341597557067871,4.736988067626953,-14.897984504699707,0.08103628790733806,0.8913991449863358,0.09863893274704971,0.9124101181495894,0.13331039075063433,0.8036711834516105,1.0162477310485996,0.9541632931178512,1.029588975833549,2.4081573486328125,-8.999595642089844,True,0.0235294122248888,0.7,True,62191,8315,1292,
Image_20260403_0035.tif,2773,1978,color,36.68787384033203,5.219451904296875,13.579056739807129,1.8228431940078735,4.37556266784668,0.09647796128126539,0.8875972349893237,0.1024771054873598,0.9104696613595766,0.10310985457046523,0.9398859736422466,1.016182514548017,0.9949616082740185,0.9888558771779646,0.2359619140625,4.0929107666015625,True,0.1411764770746231,1.0,True,35215,1614,693,
Image_20260403_0036.tif,3125,4037,color,47.801673889160156,8.764302253723145,10.014455795288086,15.391547203063965,10.657857894897461,0.2191423640483501,0.8696125561670212,0.18182334316497886,1.0,0.21302248573011498,1.0,1.1273896071058636,0.9705607076967372,0.9020496851973993,7.2426605224609375,5.0576629638671875,True,0.0235294122248888,0.7,True,10940,998,446,
Image_20260403_0037.tif,3075,3973,color,65.4369888305664,11.837644577026367,9.262602806091309,3.8981614112854004,0.413536012172699,0.15461761062798496,0.7058629978218028,0.18609114358813453,0.7939888751191021,0.20826424525259454,0.7577273664772523,1.1666986721565975,0.9483019407337375,0.8849993871096651,2.5147552490234375,-2.0828704833984375,True,0.027450980618596077,0.7,True,117739,15640,352,
Image_20260403_0038.tif,965,1413,color,44.643028259277344,7.724362373352051,9.755885124206543,6.174589157104492,5.813152313232422,0.16000683923609982,0.87817705011161,0.13928084741562521,0.8715001254129816,0.16736700412581668,0.8613277351590114,1.0538765507501462,0.9854542905769103,0.9606691586729441,0.4381561279296875,1.1419677734375,True,0.12941177189350128,1.0,True,36587,2739,463,
Image_20260403_0039.tif,1278,1798,color,41.62931823730469,6.718351364135742,10.110729217529297,9.368290901184082,-4.052403926849365,0.11860066786413806,0.6930726268653913,0.11560320205751264,0.7225200265865975,0.1502099986190142,0.7352384008539492,1.0580901925741952,0.9498346111533902,0.9920751962724147,3.76458740234375,0.7756805419921875,True,0.027450980618596077,0.7,True,49011,3390,349,
Image_20260403_0040.tif,970,1370,color,51.88448715209961,13.562004089355469,8.395941734313965,3.6592047214508057,-2.325073480606079,0.13727021387059285,0.8312473764337203,0.14916685431396307,0.8466226609771141,0.17275284607392408,0.8323546097862826,1.0284567430463303,0.9727231035048259,0.9988201534488437,2.212963342666626,-0.9590074419975281,False,0.22745098173618317,1.0,True,6538,379,321,
Image_20260403_0041.tif,1573,2304,color,27.018512725830078,2.478531837463379,6.395296573638916,0.45750612020492554,5.577696800231934,0.12975925890476464,0.8434351466266539,0.14082873851566388,0.8606200373263135,0.173845098530981,0.8894400218471805,1.0275439410845209,1.0024692300919855,0.9699868288234934,-0.938873291015625,4.8303375244140625,True,0.18431372940540314,1.0,True,48914,2786,512,
Image_20260403_0042.tif,1584,2330,color,18.439088821411133,2.6986494064331055,4.838094234466553,0.4666430950164795,0.22585241496562958,0.09822394391604727,0.8329390408250636,0.1064050677360958,0.8315359011019638,0.13632880579586806,0.8374483467447217,0.9981193320546905,0.9950875116520278,1.0067931562932817,-0.7058792114257812,2.5148773193359375,True,0.04313725605607033,0.7325215861084575,True,47548,2723,1274,
Image_20260403_0043.tif,970,1349,color,40.79215621948242,6.223800182342529,12.105118751525879,-0.05873461067676544,-2.8107593059539795,0.1181584935231341,0.878311472762313,0.14128924967793766,0.8320366643787335,0.18727522326670704,0.8154275293898763,0.9956716250682808,0.9992018316781242,1.0051265432535947,-2.1855928897857666,-2.9838788509368896,False,0.10588235408067703,1.0,True,17333,861,462,
Image_20260403_0044.tif,1910,1365,color,27.658634185791016,6.257987022399902,3.582167625427246,11.51063060760498,18.007110595703125,0.3231797072253368,0.8028464180625474,0.22796220874034295,0.8293107992731049,0.24005419369952816,0.8401896867190887,1.152761200271631,0.9977574045848008,0.8494813951435681,0.9729766845703125,3.481201171875,True,0.0470588244497776,0.7533757301760821,True,73332,6789,653,
Image_20260403_0045.tif,858,1215,color,30.463092803955078,8.623917579650879,4.084433555603027,18.629060745239258,8.681612014770508,0.21986941070099514,0.8061878436573998,0.1090935238802569,0.8767886916421929,0.13854481406186528,0.8659050508712038,1.1236616449602435,0.9705649823622481,0.9057733726775085,5.2060394287109375,0.972320556640625,True,0.03529411926865578,0.7,True,45781,6080,1271,
Image_20260403_0046.tif,1984,1478,color,27.73084831237793,9.149775505065918,5.296997547149658,19.55031394958496,6.657565116882324,0.37234801362410275,0.7549441370004152,0.189240824551205,0.8310140495209921,0.3010647558073191,0.8682881794631745,1.1479878207378886,0.9532412545734028,0.8987709246887085,0.307403564453125,5.5016632080078125,True,0.07058823853731155,0.8686077432381587,True,44053,3043,411,
Image_20260403_0047.tif,1370,1663,color,25.0,5.362952709197998,5.463021278381348,-6.138363838195801,7.078464984893799,0.10252837092425027,0.843011048218375,0.15412919448590245,0.8477105477102326,0.1528068803251215,0.8714121827014031,1.0327127323509777,1.0177354859516883,0.9495517816973338,-2.7760086059570312,2.7947998046875,True,0.0235294122248888,0.7,True,17216,1485,947,
Image_20260403_0048.tif,2309,1568,color,46.52418518066406,16.280345916748047,8.68519401550293,17.177318572998047,-2.5630693435668945,0.07202562802025647,0.6858092316608406,0.12467504169631385,0.8343637524965966,0.13073159515848023,0.7211323673882517,1.2522775987525052,0.8178123247420124,0.9299100765054825,6.0923309326171875,-5.784248352050781,True,0.0313725508749485,0.7,True,60154,5821,187,
Image_20260403_0049.tif,618,762,bw,4.123105525970459,0.7385777831077576,1.159387230873108,2.3807408809661865,2.5773534774780273,0.23752784729003906,0.8719050884246826,0.23752784729003906,0.8719050884246826,0.23752784729003906,0.8719050884246826,1.0,1.0,1.0,0.0,0.0,False,0.11372549086809158,1.0,True,5954,269,589,
Image_20260403_0050.tif,1285,917,bw,6.082762718200684,1.1283750534057617,2.756159543991089,1.4616652727127075,2.9412922859191895,0.1532086282968521,0.9215168952941895,0.1532086282968521,0.9215168952941895,0.1532086282968521,0.9215168952941895,1.0,1.0,1.0,0.0,0.0,False,0.019607843831181526,0.7,True,48683,2767,1229,
Image_20260403_0051.tif,1574,2299,color,51.312767028808594,8.69091796875,14.685367584228516,4.815360069274902,-7.5770182609558105,0.10674370094764397,0.8580551342406734,0.11950489769796999,0.824583802441054,0.11834750562905148,0.80994070168557,0.9551925292245567,0.9844538720005725,1.0603535987748707,2.781219482421875,-2.63421630859375,True,0.03529411926865578,0.7,True,61313,5070,196,
Image_20260403_0052.tif,1039,1354,color,54.12947463989258,19.50458335876465,8.177397727966309,21.581951141357422,-2.229708194732666,0.09171351880352716,0.9354778764622997,0.10650448244859376,1.0,0.11679849949398448,1.0,1.068972367130374,0.9573379762319666,0.9736896566376594,10.3631591796875,-0.731903076171875,True,0.019607843831181526,0.7,True,17988,1222,463,
Image_20260403_0053.tif,2314,1562,color,51.312767028808594,13.138599395751953,10.60129165649414,9.214166641235352,4.81524133682251,0.07992278362327852,0.8319235038146383,0.09260495374032654,0.909944314088353,0.12429181869421808,0.9487608855853754,1.079473314127814,0.973987641727749,0.946539044144437,4.7789306640625,4.76580810546875,True,0.0117647061124444,0.7,True,48677,2874,602,
Image_20260403_0054.tif,842,1215,color,30.0,6.13597297668457,6.228300094604492,4.697813510894775,7.126492023468018,0.08677428991430187,0.8098933633744675,0.09929292027795075,0.8221453777885923,0.12254897651549122,0.8240362316407058,1.0846259761100392,0.987373692090244,0.928000331799717,1.0980682373046875,2.880279541015625,True,0.027450980618596077,0.7,True,11020,875,194,
Image_20260403_0055.tif,965,1392,color,26.570659637451172,3.525628089904785,10.777725219726562,7.287293910980225,-14.06006908416748,0.11276822707513734,0.8570385286276855,0.13293935343174726,0.8661199914338171,0.2392973175057369,0.8136108886123156,1.0432642448427496,0.973464730742375,0.9832710244148758,1.7305755615234375,-6.617042541503906,True,0.019607843831181526,0.7,True,11282,799,852,
Image_20260403_0056.tif,2314,1568,color,45.17742919921875,8.71227741241455,10.947359085083008,4.528482437133789,-1.4757195711135864,0.080369682403987,0.8457952107576215,0.09983469862359676,0.8545850159692515,0.12633566609694594,0.8567136939968412,1.0246767344989285,0.9820154580011934,0.9933078074998778,1.8394927978515625,1.214752197265625,True,0.0117647061124444,0.7,True,72237,4354,506,
Image_20260403_0057.tif,1370,1920,color,36.055511474609375,6.624377250671387,10.984883308410645,6.15907096862793,4.358669757843018,0.06762665085133931,0.7709437978630328,0.07391568992234646,0.8869882478609866,0.09302824833157208,0.9081328855507553,1.15977021392259,0.9549831519054937,0.8852466341719163,2.18682861328125,1.8754730224609375,True,0.0117647061124444,0.7,True,53088,3806,481,
Image_20260403_0058.tif,1365,1967,color,44.68780517578125,6.881627082824707,12.875673294067383,15.988643646240234,0.4348452687263489,0.11960462690319074,0.7541735905336429,0.15937427314518332,0.7839491123225816,0.20271696848800752,0.8151810005924344,1.1803596627486064,0.9104232609497275,0.9092170763016659,3.3704681396484375,0.5210113525390625,True,0.03529411926865578,0.7,True,16650,1330,242,
Image_20260403_0059.tif,1370,2016,color,34.13209533691406,6.699129581451416,10.52609634399414,10.0606689453125,6.952268123626709,0.1012544397305885,0.835349126059738,0.09200632897410219,0.8720599764326249,0.1216003766205298,0.8679751089521384,1.0844356333069813,0.9803247397386782,0.9352396269543404,3.5873260498046875,3.9286956787109375,True,0.0235294122248888,0.7,True,136019,7824,1986,
Image_20260403_0060.tif,1573,2368,color,34.1760139465332,5.974470138549805,7.373928070068359,-0.20863473415374756,-5.5618977546691895,0.14064143254669204,0.756981806391269,0.16686457352951123,0.6985028631941624,0.1995809216519813,0.7041817491818998,0.94803741595097,1.0105647487886398,1.0413978352603899,-0.006514600478112698,0.8114908337593079,False,0.0313725508749485,0.7,True,277444,27391,933,
Image_20260403_0061.tif,2325,1557,color,25.942243576049805,5.409238815307617,6.500929355621338,-3.3676347732543945,0.3815614581108093,0.12938217821034995,0.8681126898364769,0.14193790863534098,0.8286104668654923,0.13976906705285122,0.8197266637851431,0.9396087570720868,1.0222642200619445,1.0381270228659687,-1.0065996646881104,2.1892249584198,False,0.019607843831181526,0.7,True,96631,6036,1857,
Image_20260403_0062.tif,2373,1562,bw,3.0,0.7655709981918335,0.891596257686615,-0.14234212040901184,1.407248854637146,0.1327623575925827,0.8266015648841858,0.1327623575925827,0.8266015648841858,0.1327623575925827,0.8266015648841858,1.0,1.0,1.0,0.0,0.0,False,0.09019608050584793,0.9571096808956616,True,60929,4535,543,
Image_20260403_0063.tif,2373,1573,bw,3.0,0.9634972214698792,1.0951365232467651,-0.11443718522787094,1.3243978023529053,0.10251137614250183,0.931367039680481,0.10251137614250183,0.931367039680481,0.10251137614250183,0.931367039680481,1.0,1.0,1.0,0.0,0.0,False,0.03529411926865578,0.7,True,32760,2292,283,
Image_20260403_0064.tif,912,1365,color,32.280025482177734,9.303119659423828,12.924402236938477,-0.9711273312568665,-1.989259958267212,0.08888901432010694,0.9545906988905173,0.08685924688004279,0.9554516931772375,0.0948740314708668,0.9329279623610178,1.0147044738400854,0.9932680193657484,0.9920275067941657,-1.2950973510742188,-2.1230545043945312,True,0.019607843831181526,0.7,True,13087,785,230,
Image_20260405_0001.tif,2320,1573,color,46.87216567993164,8.56768798828125,14.501335144042969,2.364339828491211,-3.943254232406616,0.09173546975400605,0.8714869517700552,0.1020928600088756,0.8795692508701703,0.12464412794670918,0.8845712374893532,1.0259679178832037,0.9987063314526171,0.9753257506641793,1.1250457763671875,-2.2225494384765625,True,0.0235294122248888,0.7,True,91836,5972,1385,
Image_20260405_0002.tif,1968,2736,color,52.55473327636719,6.542667865753174,15.345678329467773,9.453667640686035,-2.3726847171783447,0.08417335388433206,0.8453932356733067,0.10923960902144084,0.8698709610109852,0.1594496819118105,0.8422213768479111,1.0715514630650465,0.9692670545891018,0.9591814823458517,4.417205810546875,-3.2071380615234375,True,0.08235294371843338,0.9222362361093813,True,24567,1195,1815,
Image_20260405_0003.tif,1061,1285,color,31.400636672973633,4.506085395812988,3.8695642948150635,9.933120727539062,9.88351058959961,0.20457832580727822,0.8288949400776262,0.21569880640042036,0.8907561800194039,0.2552555499008365,0.8869048854116941,1.1118039061012357,0.9817611497035218,0.9064349441952417,5.9712066650390625,4.833648681640625,True,0.125490203499794,1.0,True,2349,192,138,
Image_20260405_0004.tif,1045,1274,color,32.557640075683594,4.97105598449707,4.407254695892334,9.268048286437988,12.405362129211426,0.25295952700574725,0.8572516933252414,0.24048787301138952,0.9067575574154967,0.2822884932528964,0.9306698327219475,1.1161981424120513,0.9947099781866162,0.8890918794013324,3.951446533203125,5.7729034423828125,True,0.12941177189350128,1.0,True,1999,141,113,
Image_20260405_0005.tif,837,1184,color,40.804412841796875,9.912505149841309,8.231842041015625,5.530355930328369,6.65839147567749,0.08921352890690398,0.7957846716121084,0.08631366879029591,0.8160564940843074,0.10439815663253801,0.852584944454992,1.09892769061482,0.9995463444121419,0.901525964973038,1.76092529296875,2.6331329345703125,True,0.019607843831181526,0.7,True,39402,5287,220,
Image_20260405_0006.tif,842,1173,bw,5.0,0.796707808971405,2.360771656036377,1.8710283041000366,7.522054195404053,0.15989883244037628,0.8766290545463562,0.15989883244037628,0.8766290545463562,0.15989883244037628,0.8766290545463562,1.0,1.0,1.0,0.0,0.0,False,0.0235294122248888,0.7,True,4696,330,185,
Image_20260405_0007.tif,1930,2730,color,49.04079818725586,12.687400817871094,6.881955146789551,15.823745727539062,6.925144195556641,0.34022852664195385,0.8277724862676683,0.12955827231476108,0.8704696002889573,0.18891873232080592,0.8329598585583945,1.118049000024743,0.968600470334432,0.9133505296408249,1.9451751708984375,-2.8974151611328125,True,0.0470588244497776,0.7533757301760821,True,17620,1649,547,
Image_20260405_0008.tif,954,1376,bw,4.123105525970459,0.6365247368812561,1.4844155311584473,0.5985835194587708,2.0611021518707275,0.42234280705451965,0.9274251461029053,0.42234280705451965,0.9274251461029053,0.42234280705451965,0.9274251461029053,1.0,1.0,1.0,0.0,0.0,False,0.43921568989753723,1.0,True,21628,800,954,
Image_20260405_0009.tif,2378,1578,color,51.312767028808594,12.572608947753906,9.348258972167969,-0.8427814841270447,8.043256759643555,0.1323479646883106,0.9030801878749564,0.11178468741454832,0.8750042786110215,0.11259715610591471,0.8846919419236314,1.007445340026336,1.0173619795200204,0.9751926804536436,-1.7646865844726562,3.601226806640625,True,0.03529411926865578,0.7,True,111859,3375,925,
Image_20260405_0010.tif,1343,1370,color,21.21320343017578,8.970426559448242,8.271135330200195,19.638219833374023,-6.521293640136719,0.32783127273053675,0.7518738892932199,0.20072857422888835,0.7824317909295311,0.36211211619871914,0.7367108560032187,1.1005183215694647,0.9572970212686489,0.9421846571618864,1.39605712890625,-1.15234375,True,0.0235294122248888,0.7,True,11505,1028,855,
Image_20260405_0011.tif,1994,2768,bw,8.062257766723633,0.9308227896690369,3.115706443786621,2.1432604789733887,11.072286605834961,0.2444698065519333,0.951694130897522,0.2444698065519333,0.951694130897522,0.2444698065519333,0.951694130897522,1.0,1.0,1.0,0.0,0.0,False,0.10196078568696976,1.0,True,98407,10666,1220,
Image_20260405_0012.tif,3194,3946,bw,22.203603744506836,1.1721786260604858,3.2918481826782227,2.5092544555664062,13.881908416748047,0.29797178506851196,0.8617607951164246,0.29797178506851196,0.8617607951164246,0.29797178506851196,0.8617607951164246,1.0,1.0,1.0,0.0,0.0,False,0.10588235408067703,1.0,True,16077,1679,197,
Image_20260405_0013.tif,3184,3984,color,26.0,7.10404634475708,3.7448878288269043,9.32750415802002,10.772225379943848,0.4081183622778537,0.8338280321221082,0.2790661047128531,0.8531449166653451,0.3218341671509327,0.8393782807137047,1.1146324339179368,0.9836730893717471,0.9016944767103163,2.2263834476470947,-0.9660462737083435,False,0.1764705926179886,1.0,True,38475,6170,214,
Image_20260405_0014.tif,3968,3173,color,23.0,12.91894817352295,4.171072006225586,14.356097221374512,10.798423767089844,0.29058445144035977,0.8574034789503177,0.10601984673260909,0.8834987202849905,0.16840678995173036,0.8938514021333569,1.0931316803707452,0.9987031423250514,0.9081651773042033,1.5172882080078125,1.855712890625,True,0.0470588244497776,0.7533757301760821,True,257719,14180,723,
Image_20260405_0015.tif,800,1004,color,25.612497329711914,4.689401626586914,3.949208974838257,16.850664138793945,-1.1266558170318604,0.28561270824258156,0.7329578991152877,0.19331166291340182,0.8127876701984437,0.25123088031363583,0.7820574314093139,1.1396208820077265,0.8925950024110982,0.9677841155811758,2.5146501064300537,1.9778523445129395,False,0.06666667014360428,0.8502741701029461,True,17741,1084,1018,
Image_20260405_0016.tif,784,999,color,31.30495262145996,9.356234550476074,4.722331523895264,16.827457427978516,2.1910698413848877,0.32673777447572055,0.9031178721780595,0.1850142401531777,0.9693137175171052,0.2582170508627959,0.9590919076544308,1.0681948770762808,0.9750177114061324,0.9567874115175868,3.9483184814453125,1.0289154052734375,True,0.03529411926865578,0.7,True,12782,680,398,
Image_20260405_0017.tif,790,1006,color,24.1867733001709,4.627845764160156,4.009206295013428,14.432149887084961,-1.5616629123687744,0.26774900710559385,0.7398327623593929,0.18108752361021122,0.8148938480543356,0.24075113489269,0.7784286811755422,1.1131291613213554,0.9095374664871682,0.9773333721914763,2.8756649494171143,1.4783488512039185,False,0.0784313753247261,0.9045597477792289,True,20342,1450,580,
Image_20260405_0018.tif,784,997,color,30.805843353271484,9.623164176940918,4.723258018493652,17.589523315429688,3.379293441772461,0.3516389623954197,0.9157264477534655,0.18899321312193318,0.9851773690200669,0.2548225992384197,0.9823000219119066,1.070616842438745,0.975239937777496,0.954143219783759,3.32818603515625,1.3642425537109375,True,0.0313725508749485,0.7,True,11548,611,448,
Image_20260405_0019.tif,789,997,color,35.80502700805664,10.837800025939941,4.690067291259766,13.040035247802734,2.8314270973205566,0.28940973422277344,0.9358833910120807,0.17041627814713317,0.9749396118560789,0.24329135189732415,0.9772202631974582,1.0433677945516096,0.9895032191994317,0.9671289862489585,3.5531463623046875,2.2663726806640625,True,0.027450980618596077,0.7,True,10111,483,571,
Image_20260405_0020.tif,794,1001,color,29.4108829498291,8.265035629272461,4.9974751472473145,18.103322982788086,3.052718162536621,0.3580045704016326,0.8914313669686905,0.19201901895846576,0.9927791649591747,0.2656632208981428,0.9754820864947122,1.095396264726741,0.9598722585145104,0.9447314767587482,3.16339111328125,0.6475372314453125,True,0.054901961237192154,0.7933912784028933,True,16895,812,405,
Image_20260405_0021.tif,784,999,color,33.941123962402344,10.46678638458252,4.640223979949951,13.056445121765137,2.884385585784912,0.2811352589232362,0.9371174917616631,0.1625796854915295,0.9794434406292919,0.23573359755245746,0.9795137391577271,1.0461784852488982,0.9889570062646998,0.964864508486402,3.65838623046875,1.7502899169921875,True,0.027450980618596077,0.7,True,9423,456,499,
Image_20260405_0022.tif,784,1003,color,30.479501724243164,8.524913787841797,5.217711448669434,17.316463470458984,2.891016960144043,0.3397038135368538,0.9034675710792462,0.18240853532634038,0.9890595918636261,0.2524945600440159,0.972724946752437,1.0851437167360931,0.9674470128400053,0.9474092704239012,3.1410675048828125,0.0822296142578125,True,0.0470588244497776,0.7533757301760821,True,16913,823,340,
Image_20260405_0023a.tif,3859,5061,color,38.587562561035156,3.7701549530029297,7.935725212097168,1.0264636278152466,-7.898788928985596,0.08196781007221832,0.5953451528797316,0.08983165415032766,0.5920722769222018,0.0832468694191071,0.5861967118083183,0.9090130243246884,0.9604021313886266,1.130584844286685,0.16754214465618134,-0.5071561932563782,False,0.08235294371843338,0.9222362361093813,True,280184,32687,610,
Image_20260405_0023b.tif,3886,4994,color,45.0111083984375,4.353241443634033,14.77078628540039,2.5995848178863525,-14.708541870117188,0.09050750895621394,0.6109256962016337,0.10666317706501605,0.5147657602961285,0.07612857867318996,0.5298549135822821,0.8665731300004061,0.8456159190802026,1.2878109509193916,-7.6575164794921875,-0.02576446533203125,True,0.10196078568696976,1.0,True,680443,76241,284,
Image_20260405_0023c.tif,3906,5021,color,38.587562561035156,3.5965077877044678,7.9066081047058105,1.1536720991134644,-8.405950546264648,0.07799819375066953,0.5936529223039239,0.08545299242213059,0.5900325751915713,0.07972926622646725,0.5823702970183536,0.9049983742310139,0.963722175013097,1.131279450755889,0.8268124461174011,-1.68167245388031,False,0.07058823853731155,0.8686077432381587,True,310631,35827,472,
Image_20260405_0023d.tif,3886,5062,color,37.735923767089844,3.6433186531066895,7.919776439666748,1.2384282350540161,-8.36207389831543,0.08222413518796083,0.6101896395760089,0.0896414660902199,0.6030425999141034,0.08318829152762179,0.6031151185142977,0.9061792715811802,0.9624397711803311,1.1313809572384887,0.11453341692686081,-0.517336368560791,False,0.05882352963089943,0.812711510360564,True,370580,40635,376,
Image_20260405_0024.tif,1929,2509,color,42.04759216308594,5.1454854011535645,15.00476360321045,2.062680244445801,-11.404802322387695,0.049870151165659314,0.590130138576309,0.08204991246977249,0.5196494254343881,0.06229581443770297,0.5475474167188259,0.9436270664882686,0.8603085172493821,1.1960644162623493,-5.86932373046875,0.007293701171875,True,0.09019608050584793,0.9571096808956616,True,539720,51370,1297,
Image_20260405_0025a.tif,1912,2493,color,42.296573638916016,4.840014457702637,15.901880264282227,2.435464382171631,-13.551466941833496,0.06727541540122385,0.6517305732187177,0.09816093099166598,0.5796169089398368,0.07342677476714014,0.5810292617282712,0.9326601905865833,0.8389584622564885,1.2283813471569278,-6.2077178955078125,-1.1420059204101562,True,0.08235294371843338,0.9222362361093813,True,206524,25351,296,
Image_20260405_0025b.tif,1934,2534,color,42.57933807373047,4.505515098571777,14.666260719299316,2.3050119876861572,-15.772629737854004,0.05290058441920651,0.5995399762937851,0.08530498936539171,0.507340183298829,0.06657596451595452,0.5421185673408844,0.8895709748093453,0.8734519221597548,1.2369771030308996,-6.620025634765625,-2.1674728393554688,True,0.10980392247438431,1.0,True,301591,33634,1736,
Image_20260405_0026.tif,826,1296,color,77.8331527709961,21.8640193939209,18.932666778564453,12.994884490966797,4.236963748931885,0.1261539678342943,0.8639634959122038,0.15987797598581477,0.9192983353401485,0.11057401409815067,0.9201337577622714,1.0258240316585696,0.9811404584166735,0.993035509924757,9.931930541992188,2.57354736328125,True,0.09803921729326248,0.9914731675199379,True,15259,973,376,
Image_20260405_0027.tif,2373,1568,color,59.36328887939453,8.544260025024414,21.12159538269043,1.8345470428466797,7.347851276397705,0.08427950827271304,0.8357717775835125,0.11517843447692472,0.875356104942325,0.18656051712477734,0.9328025683338402,1.116732297428786,1.0214330468727522,0.861834655698462,0.4600067138671875,4.85430908203125,True,0.019607843831181526,0.7,True,9987,1022,504,
Image_20260405_0028.tif,2373,1562,color,37.202152252197266,10.590999603271484,6.322917461395264,1.1316237449645996,6.184091091156006,0.19789372502757174,0.9429053844446061,0.15476283259088316,0.9169697548002493,0.13664172338510194,0.9163032802023611,1.0106434802435855,1.013568619954897,0.9757878998015178,-0.9800379276275635,1.683681607246399,False,0.0313725508749485,0.7,True,31429,1733,635,
Image_20260405_0029.tif,1952,1370,color,38.327537536621094,7.4189982414245605,7.5036773681640625,11.780438423156738,17.305461883544922,0.3373731240542413,0.8193347186336322,0.1873291935557194,0.8808457718304379,0.2280601730846386,0.9167124601050805,1.1391355890098915,0.9839028605575066,0.876961550432602,0.4426116943359375,6.7415771484375,True,0.1764705926179886,1.0,True,53733,3952,632,
Image_20260405_0030.tif,1376,1392,bw,4.123105525970459,0.9218565225601196,1.3130323886871338,0.01541459932923317,1.6502434015274048,0.16048550605773926,0.9285419583320618,0.16048550605773926,0.9285419583320618,0.16048550605773926,0.9285419583320618,1.0,1.0,1.0,0.0,0.0,False,0.11372549086809158,1.0,True,90715,5209,1160,
Image_20260405_0031.tif,1968,1365,bw,5.385164737701416,1.1960889101028442,3.178102493286133,0.09966161847114563,1.1640862226486206,0.17425255477428436,0.9310635328292847,0.17425255477428436,0.9310635328292847,0.17425255477428436,0.9310635328292847,1.0,1.0,1.0,0.0,0.0,False,0.05098039284348488,0.7736364369500344,True,135783,5201,1569,
Image_20260405_0032.tif,1792,1258,color,19.646883010864258,1.2347277402877808,4.086023330688477,1.640741229057312,9.73478889465332,0.21824073480666703,0.8951569108284889,0.22199918889483988,0.9230492567523629,0.235394372375004,0.9583913721002068,1.0601712385859428,1.0068929281014665,0.9329358333125907,0.7085723876953125,4.1398468017578125,True,0.21568627655506134,1.0,True,68283,5285,368,
Image_20260405_0033.tif,1258,960,bw,12.369317054748535,1.1098562479019165,2.865175247192383,2.6192467212677,5.674131393432617,0.19801335036754608,0.9296274781227112,0.19801335036754608,0.9296274781227112,0.19801335036754608,0.9296274781227112,1.0,1.0,1.0,0.0,0.0,False,0.10196078568696976,1.0,True,41188,2065,1446,
Image_20260405_0034.tif,1249,1721,color,52.35456085205078,12.334199905395508,4.523935317993164,18.879253387451172,11.569083213806152,0.26187174709253147,0.7486845883612029,0.21484548863876055,0.8634356427292982,0.26309183144692483,0.9162853529200448,1.1680617245181757,0.9674075126479037,0.8645307628339205,10.032821655273438,7.9962921142578125,True,0.05882352963089943,0.812711510360564,True,70223,3336,555,
Image_20260405_0035.tif,1920,1360,color,21.931713104248047,4.080026626586914,3.8067054748535156,5.549531936645508,19.25709342956543,0.3219348777225581,0.7699885636410506,0.26411075117843685,0.7962162052195437,0.23759988279751407,0.8340240874158246,1.1815810908184612,1.0096774909183968,0.8087414182631414,-2.6891632080078125,1.74542236328125,True,0.0470588244497776,0.7533757301760821,True,252588,19970,802,
Image_20260405_0036.tif,2972,4085,color,16.124515533447266,2.255547285079956,5.629343032836914,2.94854736328125,14.310307502746582,0.15885812171049862,0.861364018641508,0.1783352981177007,0.8800459138972624,0.20108383087042997,0.8981744366308201,1.1108691876615961,1.0115336835483777,0.8775971287900263,0.8890838623046875,1.9826507568359375,True,0.04313725605607033,0.7325215861084575,True,460573,15282,1985,
Image_20260405_0037.tif,4317,3314,color,15.264337539672852,1.9120831489562988,4.6314897537231445,4.021685600280762,14.07632827758789,0.22819454846406229,0.8390537565356208,0.23094814052577586,0.8572481869152541,0.20027887496201788,0.8723257604882448,1.1170379709287361,1.00183768357324,0.881124345498024,2.071357011795044,1.876332402229309,False,0.1411764770746231,1.0,True,417065,25849,1730,
Image_20260405_0038.tif,4293,3355,bw,16.124515533447266,1.3524885177612305,3.221778154373169,4.498024940490723,14.54982852935791,0.35428503155708313,0.8574886322021484,0.35428503155708313,0.8574886322021484,0.35428503155708313,0.8574886322021484,1.0,1.0,1.0,0.0,0.0,False,0.5176470875740051,1.0,True,688113,77108,1999,
Image_20260405_0039.tif,1349,1360,color,19.0,6.839288234710693,6.762887477874756,20.006977081298828,-9.893259048461914,0.32858144435309383,0.6678775001369769,0.21430296407261945,0.7029137338842206,0.3575771052089404,0.6436387954148486,1.0980057706353394,0.9149590414441544,0.9870351879205063,0.822235107421875,-2.7318191528320312,True,0.027450980618596077,0.7,True,19787,2810,134,
Image_20260405_0040.tif,1354,1386,bw,7.280109882354736,0.7769673466682434,1.9906079769134521,0.9173002243041992,8.93454647064209,0.20779137313365936,0.881971001625061,0.20779137313365936,0.881971001625061,0.20779137313365936,0.881971001625061,1.0,1.0,1.0,0.0,0.0,False,0.12156862765550613,1.0,True,121379,4772,1901,
Image_20260405_0041.tif,1589,1482,color,28.44292449951172,7.0501837730407715,5.559540748596191,-7.820251941680908,4.504343509674072,0.11897354461906715,0.8843700192713316,0.1275452891326692,0.8812219549202762,0.11412314932362366,0.8854382293155777,0.9888505855523136,1.014633882392086,0.9965155320556005,-4.37127685546875,1.2034759521484375,True,0.019607843831181526,0.7,True,6918,735,285,
Image_20260405_0042.tif,1285,901,bw,8.062257766723633,0.9226133227348328,1.5531176328659058,2.4847333431243896,4.482431411743164,0.22855214774608612,0.913986325263977,0.22855214774608612,0.913986325263977,0.22855214774608612,0.913986325263977,1.0,1.0,1.0,0.0,0.0,False,0.1411764770746231,1.0,True,50961,2368,1161,
Image_20260405_0043.tif,800,1089,color,27.784887313842773,8.221441268920898,2.7817249298095703,29.836732864379883,-1.3122658729553223,0.30270005832525204,0.6673160323245813,0.0849119561801501,0.7302428183095692,0.20523984534060993,0.6953023429390286,1.1400660124014705,0.9236788180727491,0.9362551695257804,1.065826416015625,-1.139862060546875,True,0.0117647061124444,0.7,True,16761,2054,226,
Image_20260405_0044.tif,1365,1013,bw,11.0,1.0194488763809204,2.4442169666290283,1.7458056211471558,8.513446807861328,0.21898981928825378,0.9183976650238037,0.21898981928825378,0.9183976650238037,0.21898981928825378,0.9183976650238037,1.0,1.0,1.0,0.0,0.0,False,0.12156862765550613,1.0,True,16454,1089,230,
Image_20260405_0045.tif,1930,1365,color,31.016124725341797,7.32351541519165,7.9338226318359375,12.729240417480469,3.920203924179077,0.17283261143072112,0.7865647344322431,0.10990759918893009,0.8100597174100772,0.15689416042659501,0.8014323151354137,1.1118090770146267,0.9633760983047797,0.9248148246805935,2.7093963623046875,-0.7546920776367188,True,0.0470588244497776,0.7533757301760821,True,59657,3041,974,
Image_20260405_0046.tif,661,821,bw,4.123105525970459,0.8055691123008728,2.735183000564575,1.0099579095840454,6.755517482757568,0.18344393372535706,0.8469443321228027,0.18344393372535706,0.8469443321228027,0.18344393372535706,0.8469443321228027,1.0,1.0,1.0,0.0,0.0,False,0.05098039284348488,0.7736364369500344,True,15826,852,524,
Image_20260405_0047.tif,1360,1386,bw,3.605551242828369,0.7627951502799988,2.2577171325683594,0.6432009339332581,6.005337715148926,0.1789717674255371,0.8645968437194824,0.1789717674255371,0.8645968437194824,0.1789717674255371,0.8645968437194824,1.0,1.0,1.0,0.0,0.0,False,0.08235294371843338,0.9222362361093813,True,97518,3546,1889,
Image_20260405_0048.tif,1920,1397,color,33.0151481628418,7.3083672523498535,7.142668724060059,19.945133209228516,-2.540102958679199,0.16312537533584645,0.8052146063327167,0.10515105476156489,0.9589776104754945,0.171458558895206,0.957658754978643,1.1298899942815983,0.9323655146928498,0.9377444910255515,7.846710205078125,0.654144287109375,True,0.04313725605607033,0.7325215861084575,True,93830,11428,522,
Image_20260405_0049.tif,1418,1296,color,20.02498435974121,4.088155746459961,6.122547626495361,-0.5170950293540955,6.630709171295166,0.13027270259288343,0.9007426452822325,0.13615614304744125,0.9103010309601481,0.15045451675819935,0.9278028189345721,1.053596846837918,1.0080698939385477,0.9383332592235346,-1.4177169799804688,2.831085205078125,True,0.0117647061124444,0.7,True,3567,471,93,
Image_20260412_0001.tif,2298,1573,color,46.81879806518555,9.879048347473145,7.481500148773193,7.154282569885254,-0.5702288746833801,0.07819694130704923,0.7112197917586204,0.08958002219019352,0.8102920108145257,0.11560379927946082,0.8092266025298613,1.0531478896989734,0.9630999189636869,0.9837521913373399,4.5045928955078125,2.58721923828125,True,0.0117647061124444,0.7,True,33545,4595,136,
Image_20260412_0002.tif,2309,1568,color,30.528675079345703,4.378152370452881,9.862449645996094,4.851295471191406,-7.141840934753418,0.1428833277263534,0.903640470973706,0.1532086848061127,0.9153236515494358,0.23459927117534757,0.9224920503918056,1.015500183101968,0.998253998781425,0.9862458181166072,2.892864227294922,1.2669132947921753,False,0.0117647061124444,0.7,True,26680,2979,117,
Image_20260412_0003.tif,2357,1573,color,64.0078125,10.429439544677734,19.529850006103516,-8.368861198425293,18.812345504760742,0.07935979422407527,0.7763458013757909,0.1077568255522266,0.6882532835337315,0.19733765645558413,0.8853527191037449,1.136546300147604,1.128175658780755,0.7352780410716411,-7.285041809082031,11.291061401367188,True,0.054901961237192154,0.7933912784028933,True,47264,3381,711,
Image_20260412_0004.tif,2298,1573,color,74.09453582763672,15.517261505126953,10.81801986694336,8.143424034118652,-0.11148365586996078,0.08555418220532778,0.8183443404676117,0.10201894960938553,0.8610399312918833,0.11946860773958583,0.8402625484154949,1.0542568251003759,0.9609902637562844,0.9847529111433396,3.010589599609375,0.628204345703125,True,0.019607843831181526,0.7,True,20911,2570,866,
Image_20260412_0005.tif,1454,2517,bw,5.0,0.8724213242530823,2.6786623001098633,0.46310916543006897,5.61545991897583,0.13778510689735413,0.8792023658752441,0.13778510689735413,0.8792023658752441,0.13778510689735413,0.8792023658752441,1.0,1.0,1.0,0.0,0.0,False,0.03921568766236305,0.7109644109980913,True,177668,11451,1905,
Image_20260412_0006.tif,981,1360,color,47.381431579589844,9.330781936645508,10.624914169311523,15.890279769897461,2.572262763977051,0.0799362076835884,0.7545977917853255,0.10343272263319886,1.0,0.1543940744547178,1.0,1.2264682067647148,0.9099407470237684,0.8635910462115167,8.469863891601562,2.75665283203125,True,0.019607843831181526,0.7,True,6132,454,195,
Image_20260412_0007.tif,2373,1584,color,39.66106414794922,8.635457038879395,9.491379737854004,7.4077277183532715,-2.7356832027435303,0.13426289965452454,0.8090200098817614,0.19100942101403917,0.9135233055450804,0.24818219175778697,0.8985907004627715,1.139117229326061,0.9444149930093608,0.916467777664578,3.457275390625,0.3222503662109375,True,0.007843137718737125,0.7,True,39400,2383,676,
Image_20260412_0008.tif,2304,1498,color,76.00657653808594,20.185443878173828,11.496601104736328,8.418362617492676,0.4289614260196686,0.08811988627487226,0.7754549938614743,0.11353679525430735,0.9040892958394547,0.13553073554962072,0.8871102293283833,1.1125663166138102,0.9325818457665166,0.9548518376196728,4.180755615234375,1.5172576904296875,True,0.0313725508749485,0.7,True,41135,2353,1684,
Image_20260412_0009.tif,1568,2314,color,47.53945541381836,11.419448852539062,13.45651912689209,-0.6076535582542419,6.225578308105469,0.08557924245488088,0.8237001976194065,0.09702282631965185,0.8421581274407075,0.14544696941932125,0.9299790674067023,1.0997719330032156,1.0104757922662655,0.8897522747305188,-2.7702178955078125,5.7255859375,True,0.019607843831181526,0.7,True,36744,3557,191,
Image_20260412_0010.tif,2320,1568,color,41.88078308105469,7.614212512969971,9.696358680725098,3.7974371910095215,3.831376791000366,0.09441539111370204,0.808195743915186,0.10314162852116439,0.8608358969715715,0.12493345801466366,0.8705041024575801,1.0383817313767876,0.988551248888296,0.9730670197349169,2.5087890625,4.103057861328125,True,0.0235294122248888,0.7,True,18327,1338,273,
Image_20260412_0011.tif,1564,2376,color,24.041629791259766,4.639195919036865,9.318461418151855,3.0203120708465576,4.94822359085083,0.10644626538223009,0.8589112443273952,0.1213287994882322,0.8688707638619513,0.1392064367185772,0.8942958576369902,1.0683840382724847,1.0019766796365375,0.9296392820909782,2.0896458625793457,1.6954861879348755,False,0.07058823853731155,0.8686077432381587,True,167452,4510,1812,
Image_20260412_0012.tif,2362,1573,color,62.3939094543457,16.661306381225586,18.96400260925293,-1.900046467781067,13.364962577819824,0.055460162606971654,0.8725732259529643,0.09072138153356397,0.9111582079146332,0.12447507355054653,0.9128172112926735,1.0606447378772197,0.9942097329335565,0.9451455291892238,-1.5048294067382812,8.767929077148438,True,0.027450980618596077,0.7,True,61887,4434,486,
Image_20260412_0013.tif,2368,1568,color,17.029386520385742,2.5873241424560547,7.445950508117676,3.5703914165496826,-3.612698554992676,0.10211034072057107,0.8825250832023002,0.09432542653872826,0.9000217667120294,0.1311622250675634,0.9054424657344856,1.0753457651744305,0.9977972255541538,0.9268570092714158,-0.273681640625,-2.0314559936523438,True,0.0117647061124444,0.7,True,27277,2181,1758,
Image_20260412_0014.tif,2373,1568,color,56.4358024597168,7.964982032775879,15.821271896362305,6.565614700317383,6.7805938720703125,0.09366990759295028,0.7660860288216592,0.09725488649218297,0.8347711045668603,0.17327568269945337,0.8390190805854476,1.1722433094686675,0.9677421083322129,0.8600145821991199,0.1334686279296875,3.8077850341796875,True,0.0470588244497776,0.7533757301760821,True,144815,8940,853,
Image_20260412_0015.tif,949,1343,color,70.34912872314453,8.946927070617676,20.426734924316406,1.7718372344970703,1.9766521453857422,0.11010981622049394,0.9074567595242111,0.13156176004799597,0.9368791530594138,0.1594935882593798,0.9051260879939258,1.0328369873977201,0.9836579553685635,0.983505057233717,0.9584808349609375,1.775848388671875,True,0.0117647061124444,0.7,True,43524,1685,1161,
Image_20260412_0016.tif,2373,1573,color,32.572994232177734,5.442806720733643,11.763465881347656,5.19605827331543,4.995835304260254,0.11022247729824351,0.8426686191610002,0.12300238802885914,0.8689523611914596,0.17693538118658395,0.8674149027262696,1.1029386259080518,0.9883436379054965,0.9087177361864519,1.0785064697265625,1.57354736328125,True,0.0313725508749485,0.7,True,117759,6265,1129,
Image_20260412_0017.tif,1578,2368,color,64.41273498535156,13.331390380859375,13.388909339904785,12.350268363952637,5.972779273986816,0.09347497611150071,0.7997303475219973,0.09757436015188763,0.8822348316605858,0.1346734780927554,0.8775497727228561,1.132734754105487,0.9645735698706958,0.9026916760238167,5.9124755859375,3.200225830078125,True,0.0117647061124444,0.7,True,34462,2206,898,
Image_20260412_0018.tif,2394,1578,color,35.735137939453125,7.495774745941162,8.843696594238281,7.748768329620361,0.4238288998603821,0.12660981895223672,0.8066853852992778,0.13694023241867662,0.8458072845707837,0.17479853560434153,0.828212097500524,1.0840779160476879,0.9736608294891711,0.9422612544631405,3.9059295654296875,0.73114013671875,True,0.0235294122248888,0.7,True,30444,1990,1865,
Image_20260412_0019.tif,2368,1562,color,46.097721099853516,4.432094573974609,14.416058540344238,4.671593189239502,2.962886333465576,0.08627272329834434,0.8555378262852633,0.08299174719909731,0.8931492586433476,0.1283284116741729,0.8940212763946688,1.090931702411687,0.9923028071799544,0.9167654904083588,0.2440185546875,1.991973876953125,True,0.0117647061124444,0.7,True,24972,1537,422,
Image_20260412_0020.tif,2325,1589,color,20.124610900878906,5.8792243003845215,7.226672649383545,0.8043633103370667,-1.5608298778533936,0.08882437597243761,0.9847919718271861,0.0991437283425819,1.0,0.11421689541405489,1.0,1.0154428839875662,0.9888594965331253,0.9956976194793083,0.3316635191440582,0.6706472635269165,False,0.0117647061124444,0.7,True,70299,5692,1056,
Image_20260412_0021.tif,2320,1573,color,39.623226165771484,4.492661952972412,12.092808723449707,2.876145124435425,0.9343934059143066,0.10477208788198486,0.8273382119160884,0.12741819912269187,0.8640546207201681,0.1687285437380175,0.8900430477818947,1.0854559946938522,0.9848687578684001,0.9296752474377475,1.6195483207702637,2.56237530708313,False,0.04313725605607033,0.7325215861084575,True,264718,11536,1875,
Image_20260412_0022.tif,1541,2352,bw,16.552946090698242,2.5312604904174805,2.9265894889831543,6.2874321937561035,10.833732604980469,0.1848486363887787,0.8984659314155579,0.1848486363887787,0.8984659314155579,0.1848486363887787,0.8984659314155579,1.0,1.0,1.0,0.0,0.0,False,0.054901961237192154,0.7933912784028933,True,5524,533,204,
Image_20260412_0023.tif,2394,1589,color,48.50773239135742,4.609274864196777,15.927627563476562,7.092196464538574,6.956847667694092,0.10305835226372688,0.875995990978339,0.11468353673942827,1.0,0.18549266842052245,1.0,1.1415577357644862,0.9916461778335851,0.8667960864019286,3.8282012939453125,3.069183349609375,True,0.019607843831181526,0.7,True,11856,695,870,
Image_20260412_0024.tif,1578,2309,color,81.84130859375,17.39572525024414,14.791939735412598,10.472298622131348,1.178104281425476,0.08188948577215485,0.722763716661889,0.10005377854078058,0.7629100643436391,0.11053675339929003,0.724629839074816,1.1014366454419426,0.9406706100679058,0.9578927444901517,5.0743865966796875,-0.7160797119140625,True,0.0313725508749485,0.7,True,14195,1576,223,
Image_20260412_0025.tif,2314,1552,color,31.016124725341797,6.125502586364746,8.178548812866211,-1.6172524690628052,-1.0299959182739258,0.10198271515685868,0.9015271954764036,0.1046677115371489,0.8644777637492013,0.11836524427503119,0.8591025847977379,0.9613317035388719,1.0116047492172122,1.0270635472439158,-1.8677380084991455,1.6442115306854248,False,0.0117647061124444,0.7,True,55021,2841,880,
Image_20260412_0026.tif,2326,1568,color,20.0,3.92206072807312,4.944684028625488,0.6090235114097595,-2.741687297821045,0.10962352257693976,0.9083091849408323,0.1377514303389219,0.9012878919032059,0.16438388501065856,0.8962835419106436,1.0016456312769728,0.9963955244835976,1.0019588442394296,1.327760934829712,1.2500356435775757,False,0.0117647061124444,0.7,True,49166,3162,916,
Image_20260412_0027.tif,2314,1573,color,64.51356506347656,13.05592155456543,8.322412490844727,7.478651523590088,-3.7069995403289795,0.10130398796545426,0.7991759058528521,0.12203986917250244,0.8258031242660914,0.1543612216586959,0.8034699305091793,1.04519433249542,0.9640051243868971,0.9908005431176828,3.647857666015625,-0.39592742919921875,True,0.019607843831181526,0.7,True,112102,6946,934,
Image_20260412_0028.tif,2320,1568,color,38.27531814575195,7.899564743041992,8.825337409973145,-5.612806797027588,4.785606861114502,0.09291055512502848,0.8903928083027347,0.10405222681257364,0.8863708171995085,0.13753936890661922,0.9020964096729357,1.0129919983031246,1.0175885449467597,0.9694194567501158,-3.9164199829101562,4.3796234130859375,True,0.019607843831181526,0.7,True,35256,3044,320,
Image_20260412_0029.tif,2320,1589,color,35.22782897949219,8.365873336791992,7.748464107513428,-1.5725659132003784,2.355304479598999,0.11520137758853936,0.8524901985326088,0.12763603107948313,0.8575545426099987,0.14574186577454323,0.846878382127542,1.0212296217671515,0.9831879167540641,0.9955824614787846,-2.6732559204101562,2.8942718505859375,True,0.0470588244497776,0.7533757301760821,True,22144,2308,814,
Image_20260412_0030.tif,1563,2309,color,27.459060668945312,5.605868816375732,6.08510684967041,0.27149099111557007,2.1817615032196045,0.08076951443815356,0.8307721318042636,0.08458678981113367,0.834333322250816,0.11432631067251248,0.8451980871816632,1.0196042936656786,1.0199525517492194,0.9604431545851021,0.9288449883460999,2.9230148792266846,False,0.0117647061124444,0.7,True,21949,3025,226,
Image_20260412_0031.tif,2304,1573,color,23.53720474243164,5.545209884643555,5.172077178955078,-0.5156001448631287,-2.8338544368743896,0.10174399002860386,0.8569974513262354,0.10904340367723879,0.8567696013781586,0.1464313401853032,0.8587999941238597,1.0021307957187933,1.006974459449162,0.9908947448320449,-1.7063671350479126,1.4482555389404297,False,0.0117647061124444,0.7,True,33638,3463,688,
Image_20260412_0032.tif,1568,2357,color,28.42534065246582,8.111100196838379,6.958602428436279,1.8050062656402588,0.2591434121131897,0.08966400805288072,0.9707103271189742,0.09783280264703803,0.9783280116005925,0.12650782498187763,0.9883423253995544,1.0059340694724845,1.0021098715424637,0.9919560589850518,0.8113861083984375,1.5297088623046875,True,0.019607843831181526,0.7,True,17547,1288,638,
Image_20260412_0033.tif,1573,2304,color,16.492422103881836,4.218794345855713,4.863735198974609,0.7689686417579651,-3.149085283279419,0.09720774824406012,0.8320983208322149,0.10135694197403189,0.834245597615542,0.1392759591851213,0.8356557248695724,1.00855352648551,1.005957596008496,0.9854888775059939,-0.15365107357501984,-0.17820551991462708,False,0.019607843831181526,0.7,True,56289,4298,986,
Image_20260412_0034.tif,1317,1568,color,34.828147888183594,7.6935529708862305,6.8485941886901855,-7.280532360076904,3.653043270111084,0.10632423796071083,0.8663456415344328,0.15102521351772405,0.8674268417278221,0.14634644106422512,0.8741233075148619,0.9958439967357482,1.0126864163499165,0.9914695869143353,-2.9619598388671875,2.1334686279296875,True,0.007843137718737125,0.7,True,8390,643,598,
Image_20260412_0035.tif,954,1371,color,40.26164245605469,6.742767333984375,9.394084930419922,7.148195743560791,12.903189659118652,0.10280330429376995,0.7641712322729883,0.13957354707391526,0.885295034510645,0.202322921226,0.9711500082174964,1.144389862466011,0.9833876945767415,0.872222442957248,5.352081298828125,9.580917358398438,True,0.10588235408067703,1.0,True,13676,671,684,
Image_20260412_0036.tif,2357,1573,color,47.16990661621094,13.338004112243652,13.954240798950195,-2.768496513366699,10.049847602844238,0.06463304453493349,0.8222759232571595,0.08612155786568439,0.842493488178464,0.13215439969258116,0.9478660463395563,1.0921385344792067,1.047311297439814,0.8605501680809788,-1.5788345336914062,6.6476898193359375,True,0.0117647061124444,0.7,True,23056,974,1647,
Image_20260412_0037.tif,2320,1584,color,65.14598846435547,11.943800926208496,17.790485382080078,9.181659698486328,-4.256801128387451,0.07059672446030539,0.7914264147067449,0.08690198764956913,0.8648816712577269,0.12194444028322361,0.8418100153133128,1.0554286689733552,0.9476531658921347,0.9969181651345101,4.35699462890625,0.5129241943359375,True,0.0235294122248888,0.7,True,85621,4981,946,
Image_20260412_0038.tif,1578,2362,color,29.20616340637207,6.929759979248047,8.433381080627441,-2.8490707874298096,-0.8840317726135254,0.092051049589112,0.9325171383337592,0.103739904603976,0.8952369499492372,0.12947658779347715,0.8749478097351691,0.9798484743895469,1.0206521249935574,0.9994994006168957,-1.966557264328003,-1.2829619646072388,False,0.03921568766236305,0.7109644109980913,True,74662,5257,850,
Image_20260412_0039.tif,2421,1647,color,25.45584487915039,6.308658123016357,6.774534702301025,2.0232229232788086,-2.191744565963745,0.06678622223487708,0.9742930751934153,0.07787542933828989,0.9656552912446129,0.10645174773919641,0.9738363503470912,0.9982099288255538,1.0071389139188074,0.9946511572556387,2.15734601020813,2.1077709197998047,False,0.007843137718737125,0.7,True,37938,1826,569,
Image_20260412_0040.tif,2357,1573,color,45.96738052368164,14.207179069519043,13.578655242919922,4.218027114868164,3.9989845752716064,0.06704688539348345,0.8865087810239274,0.09573493690207403,0.9214487553672229,0.12609881082510677,0.923368716761029,1.0528190552483485,0.9831066060640627,0.9640743386875885,1.4653778076171875,3.576934814453125,True,0.019607843831181526,0.7,True,105361,3943,1015,
Image_20260412_0041.tif,2357,1573,color,58.600341796875,10.594246864318848,18.433685302734375,-7.8388895988464355,15.44621467590332,0.06496760304425786,0.8409694943894623,0.08043261059322239,0.833574311548116,0.13524989531114445,0.9607406436025722,1.0865144353444092,1.0726310071976022,0.8408545574579881,-5.075233459472656,9.793106079101562,True,0.0117647061124444,0.7,True,115126,6494,883,
Image_20260412_0042.tif,2362,1573,color,57.80138397216797,10.050945281982422,16.47187042236328,-5.847959518432617,8.063261032104492,0.06909601992386805,0.8255155791855644,0.08563152484831228,0.8153610301829078,0.13548443376503194,0.8987134223676798,1.0783516476508466,1.05330461726124,0.8683437350879134,-4.152862548828125,5.4549713134765625,True,0.03529411926865578,0.7,True,24851,1681,943,
Image_20260412_0043.tif,1578,2368,color,50.96076965332031,7.800634860992432,12.922855377197266,-2.6486759185791016,5.637664794921875,0.09746857598715493,0.8472268478805857,0.11881522190372887,0.8393720583254763,0.15168240168252364,0.8300397856367767,1.046088799947245,1.0231738468157576,0.9307373532369971,-1.709930419921875,1.1702423095703125,True,0.08235294371843338,0.9222362361093813,True,109216,8454,1629,
Image_20260412_0044.tif,2357,1573,color,29.96664810180664,6.69715690612793,9.905473709106445,0.3280525803565979,3.2450058460235596,0.0639608144808806,0.899213760274598,0.08131385292858774,0.9176848874510372,0.11620491496831277,0.9503901960113954,1.042304896907348,1.0127787671155886,0.9449163359770634,-0.29156494140625,1.6543731689453125,True,0.007843137718737125,0.7,True,56879,2312,1881,
Image_20260412_0045.tif,2309,1573,color,52.15361785888672,8.2295560836792,15.923758506774902,6.5420098304748535,-4.249937057495117,0.0926639435485695,0.8525082721963413,0.11142901504517595,0.8755136907207894,0.15988400943311448,0.8568142857925087,1.0580082558419883,0.9854158939650253,0.9565758501929863,3.44427490234375,-2.701171875,True,0.027450980618596077,0.7,True,20387,1887,241,
Image_20260412_0046.tif,1573,2352,color,27.513633728027344,7.836894512176514,8.655409812927246,0.7221863865852356,1.3207547664642334,0.07801035219036905,0.9400247138810754,0.09596675471171598,0.9212808335635424,0.14106256054966762,0.9431039351158672,1.0053970161976662,1.0215956305678167,0.9730073532345166,0.1956939697265625,2.27972412109375,True,0.0313725508749485,0.7,True,37418,2524,360,
Image_20260412_0047.tif,2288,1568,color,20.248456954956055,4.0428032875061035,6.090122222900391,0.8780853748321533,-3.984546184539795,0.0769500469609199,0.7387204391290518,0.0847266273407335,0.7423666337166509,0.09329985020986063,0.7386238147768835,1.0192505192954402,0.9719842073643012,1.0087652733402581,-1.5897668600082397,-2.699984073638916,False,0.0235294122248888,0.7,True,19171,1788,752,
Image_20260412_0048.tif,2362,1568,color,46.647613525390625,9.574506759643555,18.53014373779297,-7.790018081665039,14.75012493133545,0.06553462493301837,0.8105598060711126,0.08007305199816121,0.7798418862179608,0.15438737260692864,0.8837346386312629,1.1369532824392268,1.1264224137218997,0.7366243038388736,-4.295600891113281,4.168914794921875,True,0.03529411926865578,0.7,True,24012,1064,684,
Image_20260412_0049.tif,1568,2314,color,25.553865432739258,5.03808069229126,7.319963455200195,-0.9703041315078735,-1.5527523756027222,0.09364708907436987,0.9013532202941489,0.09667379172091456,0.8893988750162374,0.1279401122967966,0.9035769965704048,1.005024820630694,1.014124051079839,0.9808511282894665,-2.305182456970215,1.8173201084136963,False,0.0117647061124444,0.7,True,37281,4123,218,
